{
  "train_loss": [
    0.9020711183547974,
    0.45269346237182617,
    0.3301558792591095,
    0.2572694718837738,
    0.2211865484714508,
    0.17568480968475342,
    0.16100263595581055,
    0.14712151885032654,
    0.12034063786268234,
    0.0994105264544487,
    0.10328996181488037,
    0.08688461035490036
  ],
  "train_accuracy": [
    0.6913469433784485,
    0.8336597084999084,
    0.8737232089042664,
    0.9005028009414673,
    0.9149510264396667,
    0.9310399293899536,
    0.9364382028579712,
    0.943635880947113,
    0.9541677832603455,
    0.9615771174430847,
    0.9595131278038025,
    0.9681926369667053
  ],
  "val_loss": [
    0.5337419509887695,
    0.4214884638786316,
    0.26386258006095886,
    0.2355385273694992,
    0.2973969578742981,
    0.238267183303833,
    0.16291990876197815,
    0.15369105339050293,
    0.15340563654899597,
    0.14608903229236603,
    0.21374744176864624,
    0.10862956196069717
  ],
  "val_accuracy": [
    0.808001697063446,
    0.8446232080459595,
    0.8960626721382141,
    0.9081286787986755,
    0.8907705545425415,
    0.9100338816642761,
    0.9375529289245605,
    0.9381879568099976,
    0.9460203051567078,
    0.9519475102424622,
    0.9309906959533691,
    0.962955117225647
  ]
}